,mse,mae,rmse,r2,direction_accuracy
AMZN,42.31500045918854,4.90600363677408,6.504998113696002,0.9683920330563107,47.68976897689769
GOOGL,54.51051529806574,5.844411789096355,7.383123681617811,0.916050315870227,52.475247524752476
AAPL,91.1733374462576,7.455371906207688,9.548473042652297,0.8477940734986549,49.00990099009901
MSFT,222.0809262492892,11.725039669012494,14.902379885417268,0.9324981301792657,49.00990099009901
